id,related_record_id,location_name,evidence_role,capture_date,published_at,source_page_url,direct_media_url,credit,rights_status,display_ready,coordinates,technical_verification,notes
AV-M-001,AV-CM-DLA-202609,Douala V,incident_context,2026-09-12,2026-09-12,https://www.africanews.com/2026/09/12/cameroons-economic-capital-douala-wakes-up-underwater-after-heavy-rains/,https://images.euronews.com/articles/stories/09/91/07/29/1024x538_cmsv2_11e9ea98-4864-599a-9cdb-a37ec538d3e0-9910729.jpg,Africanews,permission_not_verified,False,,"{""content_type"": ""image/jpeg"", ""http_status"": 200, ""width"": 1024, ""height"": 538, ""sha256"": ""db5f11cdae2ab726b1e3de296133b15e0b6cd7e1398117a552479ca5f08d3c24"", ""bytes"": 101849, ""image_decoded"": true, ""dhash"": ""3bd67e8c9e67264e""}",Caption date; video narrative describes previous day. Rights: Africanews/Agences.
AV-M-002,AV-CM-DLA-202609,Douala V,incident_context,,2026-09-14,https://www.cameroon-tribune.cm/article.html/80602/fr.html/douala-v-les-eaux-sont-montees,https://www.cameroon-tribune.cm//administrateur/photo/normal_dbg76f9.jpg,Cameroon Tribune,permission_not_verified,False,,"{""content_type"": ""image/jpeg"", ""http_status"": 200, ""width"": 960, ""height"": 460, ""sha256"": ""19ce346fae73e1390b7d66f4fd615232a8309483b643e6ab64a083cd673a844b"", ""bytes"": 197160, ""image_decoded"": true, ""dhash"": ""0616121232323606""}",
AV-M-003,AV-CM-DLA-202609,Douala,incident_context,,2026-09-11,https://www.duala.info/m/actu/douala-les-fortes-pluies-et-la-maree-haute-provoquent-des-debordements-dans-plusieurs-quartiers/3650,https://www.duala.info/newspics/3650.jpg,Duala Info / Camerounlink,permission_not_verified,False,,"{""content_type"": ""image/jpeg"", ""http_status"": 200, ""width"": 1080, ""height"": 810, ""sha256"": ""cfa67545ebaf66891ae5decdf51ab7cc3e758b900fa87bc5464094520a5bbe4b"", ""bytes"": 52756, ""image_decoded"": true, ""dhash"": ""1f164e66e56470c8""}",
AV-M-004,AV-CM-DLA-202609,Douala,assessment_visit,,2026-09-12,https://diaspocamtv.com/news/details/inondations-a-douala-v-le-gouverneur-du-littoral-sur-le-terrain,https://admin.diaspocamtv.com/storage/gallery/2026/09/12/isit4o67kdpjvkdkg0r3609r3j4ii2.jpeg,Diaspocam TV,permission_not_verified,False,,"{""content_type"": ""image/jpeg"", ""http_status"": 200, ""width"": 1280, ""height"": 958, ""sha256"": ""4f629eca03b53ad2619d7774e88c3b878baaed8a877e96cad0e4012f0d00682e"", ""bytes"": 197668, ""image_decoded"": true, ""dhash"": ""e5c7a38d8d954161""}", Official visit/interview; not a stand-alone inundation scene. Official visit/interview; not a stand-alone inundation scene.
AV-M-005,AV-CM-DLA-202609,Douala,incident_context,,2026-09-18,https://www.stopblablacam.com/societe/1809-16819-inondations-a-douala-pres-de-500-menages-touches-et-environ-200-personnes-deplacees,https://www.stopblablacam.com/media/k2/items/cache/4b0f993971312740a416f1b957b79fe4_M.jpg,StopBlaBlaCam,permission_not_verified,False,,"{""content_type"": ""image/jpeg"", ""http_status"": 200, ""width"": 450, ""height"": 305, ""sha256"": ""ab9b0715e67bdf8176ed37b60e6f07d8c34ddc2a0efc72496f33072f197e78f4"", ""bytes"": 50882, ""image_decoded"": true, ""dhash"": ""60389ccc62b63c76""}",
AV-M-006,AV-CM-LIM-20260805,Limbe (article-level),flood_scene_in_compound_event_article,,2026-08-27,https://www.greenpeace.org/africa/en/blog/61512/three-lives-lost-in-limbe-cameroon-cannot-keep-meeting-the-rains-with-bare-hands/,https://www.greenpeace.org/static/planet4-africa-stateless/2026/08/8978faf4-763701408_2927128017635279_3270900010944470948_n.jpeg,Greenpeace Africa,permission_not_verified,False,,"{""content_type"": ""image/jpeg"", ""http_status"": 200, ""width"": 1280, ""height"": 1196, ""sha256"": ""23311742ee60e53f4fa72579d8fc02bc992e829d45c38472428dc5259e15ac10"", ""bytes"": 100719, ""image_decoded"": true, ""dhash"": ""d2d45c4fd3268699""}","Do not label landslide fatalities as flood deaths. Photographer/capture time not established. Image shows flooded buildings, not the Mbende landslide itself; article-level Limbe association only. Image shows flooded buildings, not the Mbende landslide itself; article-level Limbe association only."
AV-M-007,AV-GH-ACC-20260629,Afienya,incident_context,2026-06-29,2026-06-29,https://www.myjoyonline.com/photos-heavy-flooding-leaves-parts-of-afienya-submerged/,https://www.myjoyonline.com/wp-content/uploads/2026/06/WhatsApp-Image-2026-06-29-at-7.08.17-AM.jpeg,MyJoyOnline / Albert Kuzor,permission_not_verified,False,,"{""content_type"": ""image/jpeg"", ""http_status"": 200, ""width"": 1280, ""height"": 720, ""sha256"": ""185ff73c52c21fc1cac454e73205b06b6116f5854cf4908f8bb3e42f20908f14"", ""bytes"": 98688, ""image_decoded"": true, ""dhash"": ""8080c0d8f8f8e838""}",
AV-M-008,AV-GH-ACC-20260629,Afienya,incident_context,2026-06-29,2026-06-29,https://www.myjoyonline.com/photos-heavy-flooding-leaves-parts-of-afienya-submerged/,https://www.myjoyonline.com/wp-content/uploads/2026/06/image-3652-1024x576.png,MyJoyOnline / Albert Kuzor,permission_not_verified,False,,"{""content_type"": ""image/png"", ""http_status"": 200, ""width"": 1024, ""height"": 576, ""sha256"": ""ee9d0198dfcb3eaa433c24596bcaa0a722474f3b68bd66eac639747cdab08245"", ""bytes"": 891170, ""image_decoded"": true, ""dhash"": ""ff6fcf85cda9db5e""}",Location supported at article level; exact viewpoint not established. Cropped/resized copies must be deduplicated before gallery display.
AV-M-009,AV-GH-ACC-20260629,Afienya,incident_context,2026-06-29,2026-06-29,https://www.myjoyonline.com/photos-heavy-flooding-leaves-parts-of-afienya-submerged/,https://www.myjoyonline.com/wp-content/uploads/2026/06/image-3647-1024x576.png,MyJoyOnline / Albert Kuzor,permission_not_verified,False,,"{""content_type"": ""image/png"", ""http_status"": 200, ""width"": 1024, ""height"": 576, ""sha256"": ""ebcf916c12b5f2cc98b04d46c64721d94c36e7c2e0ef59cf5875d8b547aedcef"", ""bytes"": 548664, ""image_decoded"": true, ""dhash"": ""efb7e7c48480c7c7""}",Location supported at article level; exact viewpoint not established. Cropped/resized copies must be deduplicated before gallery display.
AV-M-010,AV-GH-ACC-20260629,Afienya,incident_context,2026-06-29,2026-06-29,https://www.myjoyonline.com/photos-heavy-flooding-leaves-parts-of-afienya-submerged/,https://www.myjoyonline.com/wp-content/uploads/2026/06/image-3645-1024x576.png,MyJoyOnline / Albert Kuzor,permission_not_verified,False,,"{""content_type"": ""image/png"", ""http_status"": 200, ""width"": 1024, ""height"": 576, ""sha256"": ""4894ac53aaf0550ecf806ced434f3f039876fcb949a4544adfb3c6450e55fa61"", ""bytes"": 565625, ""image_decoded"": true, ""dhash"": ""78188121036766ea""}",Location supported at article level; exact viewpoint not established. Cropped/resized copies must be deduplicated before gallery display.
AV-M-011,AV-GH-ACC-20260629,Afienya,incident_context,2026-06-29,2026-06-29,https://www.myjoyonline.com/photos-heavy-flooding-leaves-parts-of-afienya-submerged/,https://www.myjoyonline.com/wp-content/uploads/2026/06/image-3644-1024x576.png,MyJoyOnline / Albert Kuzor,permission_not_verified,False,,"{""content_type"": ""image/png"", ""http_status"": 200, ""width"": 1024, ""height"": 576, ""sha256"": ""d466067432041217112b3c88da54a0e2190ce9b656728261efa9c7f6365ee5b1"", ""bytes"": 581233, ""image_decoded"": true, ""dhash"": ""931236b68ebabcfa""}",Location supported at article level; exact viewpoint not established. Cropped/resized copies must be deduplicated before gallery display.
AV-M-012,AV-GH-ACC-20260629,Afienya,incident_context,2026-06-29,2026-06-29,https://www.myjoyonline.com/photos-heavy-flooding-leaves-parts-of-afienya-submerged/,https://www.myjoyonline.com/wp-content/uploads/2026/06/image-3643-1024x576.png,MyJoyOnline / Albert Kuzor,permission_not_verified,False,,"{""content_type"": ""image/png"", ""http_status"": 200, ""width"": 1024, ""height"": 576, ""sha256"": ""e4ae7923f0262a9b215db0ebad317ce0a4bfe721121eea1aa8d4cf7d9531f7d3"", ""bytes"": 421548, ""image_decoded"": true, ""dhash"": ""e0c4d4d38b2a66c6""}",Location supported at article level; exact viewpoint not established. Cropped/resized copies must be deduplicated before gallery display.
AV-M-013,AV-GH-ACC-20260629,Afienya,incident_context,2026-06-29,2026-06-29,https://www.myjoyonline.com/photos-heavy-flooding-leaves-parts-of-afienya-submerged/,https://www.myjoyonline.com/wp-content/uploads/2026/06/image-3642-1024x576.png,MyJoyOnline / Albert Kuzor,permission_not_verified,False,,"{""content_type"": ""image/png"", ""http_status"": 200, ""width"": 1024, ""height"": 576, ""sha256"": ""b83cda02d3b480467a9b2d9c961d29bda97b8d701632a5650739b7e9ef3c05bd"", ""bytes"": 529566, ""image_decoded"": true, ""dhash"": ""2ffafafaf8f1e3d9""}",Location supported at article level; exact viewpoint not established. Cropped/resized copies must be deduplicated before gallery display.
AV-M-014,AV-GH-ACC-20260629,Tse Addo,incident_context,,2026-06-29,https://www.myjoyonline.com/floods-engulf-tse-addo-communities-as-residents-call-for-urgent-intervention/,https://www.myjoyonline.com/wp-content/uploads/2026/06/accraflood6.jpg,MyJoyOnline / David Apinga,permission_not_verified,False,,"{""content_type"": ""image/jpeg"", ""http_status"": 200, ""width"": 580, ""height"": 435, ""sha256"": ""25f8dadb0236c315245cfc9e478ec6836f63349fff7b89e883c16f31e0aaa7d4"", ""bytes"": 148699, ""image_decoded"": true, ""dhash"": ""6b78767232c4c2c1""}","Article supports locality, but uncaptioned lead image could be broader Accra; review before exact-locality display."
AV-M-015,AV-GH-TOT-20260629,"Totopey, Ada East",aftermath,,2026-08-19,https://www.citinewsroom.com/2026/08/totopey-residents-remain-displaced-seven-weeks-after-floods/,https://www.citinewsroom.com/wp-content/uploads/2026/08/TM067-Social-Totopey-Flood-Pic-3.jpg,GNA via Citi Newsroom,permission_not_verified,False,,"{""content_type"": ""image/jpeg"", ""http_status"": 200, ""width"": 1280, ""height"": 956, ""sha256"": ""3e9f68f227fa7dd4afd80a7c301b8b483b577d4c6769f0d4a5c8ede8439448a4"", ""bytes"": 195099, ""image_decoded"": true, ""dhash"": ""070e9e8cce4e64f0""}",Location supported at article level; exact viewpoint not established. Cropped/resized copies must be deduplicated before gallery display. Resident photographed with floodwater nearby; not an aerial inundation extent. Resident photographed with floodwater nearby; not an aerial inundation extent.
AV-M-016,AV-GH-TOT-20260629,"Totopey, Ada East",aftermath,,2026-08-19,https://www.citinewsroom.com/2026/08/totopey-residents-remain-displaced-seven-weeks-after-floods/,https://www.citinewsroom.com/wp-content/uploads/2026/08/TM067-Social-Totopey-Flood-Pic-1.jpg,GNA via Citi Newsroom,permission_not_verified,False,,"{""content_type"": ""image/jpeg"", ""http_status"": 200, ""width"": 720, ""height"": 698, ""sha256"": ""2bc82ba702605d62148c35bf221dd2c11441422286de44c9b91d2b05978dbe7c"", ""bytes"": 61282, ""image_decoded"": true, ""dhash"": ""c0e8cd459dbdb911""}",Location supported at article level; exact viewpoint not established. Cropped/resized copies must be deduplicated before gallery display.
AV-M-017,AV-GH-TOT-20260629,"Totopey, Ada East",aftermath,,2026-08-19,https://www.citinewsroom.com/2026/08/totopey-residents-remain-displaced-seven-weeks-after-floods/,https://www.citinewsroom.com/wp-content/uploads/2026/08/TM067-Social-Totopey-Flood-Pic-2.jpg,GNA via Citi Newsroom,permission_not_verified,False,,"{""content_type"": ""image/jpeg"", ""http_status"": 200, ""width"": 720, ""height"": 598, ""sha256"": ""dee86c82e7b504da87ce86fa34d487ea57b9a1c7fef080796156870b4e57c3e3"", ""bytes"": 40811, ""image_decoded"": true, ""dhash"": ""e6e0e4727273e080""}",
AV-M-018,AV-GH-ANLO-2026,Anlo Afiadenyigba,aftermath,,2026-07-12,https://www.citinewsroom.com/2026/07/anlo-afiadenyigba-residents-raise-alarm-over-disease-risk-after-floods/,https://www.citinewsroom.com/wp-content/uploads/2026/07/anlo-3.jpeg,Citi Newsroom / Desmond Selase Aggor,permission_not_verified,False,,"{""content_type"": ""image/jpeg"", ""http_status"": 200, ""width"": 1242, ""height"": 689, ""sha256"": ""44016f7781649ab7946e106a53f13c42f074f1ee916dfc968aced364345eb309"", ""bytes"": 163990, ""image_decoded"": true, ""dhash"": ""f9e1e93d79bb76ec""}",Location supported at article level; exact viewpoint not established. Cropped/resized copies must be deduplicated before gallery display. Standing water around a structure; street coordinates unknown. Standing water around a structure; street coordinates unknown.
AV-M-019,AV-GH-ANLO-2026,Anlo Afiadenyigba,aftermath,,2026-07-12,https://www.citinewsroom.com/2026/07/anlo-afiadenyigba-residents-raise-alarm-over-disease-risk-after-floods/,https://www.citinewsroom.com/wp-content/uploads/2026/07/anlo-4.jpeg,Citi Newsroom / Desmond Selase Aggor,permission_not_verified,False,,"{""content_type"": ""image/jpeg"", ""http_status"": 200, ""width"": 1242, ""height"": 702, ""sha256"": ""57bba5a884f3b0a409ddd0bc6df104646c1a33b7140e4d2a6f1c168fd6e6daf4"", ""bytes"": 120503, ""image_decoded"": true, ""dhash"": ""e3c1c060604c6dea""}",Location supported at article level; exact viewpoint not established. Cropped/resized copies must be deduplicated before gallery display.
AV-M-020,AV-GH-ANLO-2026,Anlo Afiadenyigba,aftermath,,2026-07-12,https://www.citinewsroom.com/2026/07/anlo-afiadenyigba-residents-raise-alarm-over-disease-risk-after-floods/,https://www.citinewsroom.com/wp-content/uploads/2026/07/anlo-2.jpeg,Citi Newsroom / Desmond Selase Aggor,permission_not_verified,False,,"{""content_type"": ""image/jpeg"", ""http_status"": 200, ""width"": 1242, ""height"": 697, ""sha256"": ""3597c06d6edf4e52a2000d86c4b75516ff8b8001a0258f1fcc2030bf7e800445"", ""bytes"": 210159, ""image_decoded"": true, ""dhash"": ""d8b0314700101db5""}",Location supported at article level; exact viewpoint not established. Cropped/resized copies must be deduplicated before gallery display.
AV-M-021,AV-GH-WETA-2026,"Weta, Ketu North",property_impact,,2026-07-16,https://www.myjoyonline.com/weta-rice-farming-community-hit-by-devastating-floods/,https://www.myjoyonline.com/wp-content/uploads/2026/07/image-1938.png,MyJoyOnline,permission_not_verified,False,,"{""content_type"": ""image/png"", ""http_status"": 200, ""width"": 810, ""height"": 1080, ""sha256"": ""94e64db834d17d0f11ebd863376371bffad18889aca0d489cda491dce126fe8d"", ""bytes"": 1065227, ""image_decoded"": true, ""dhash"": ""8383676e6f3e3438""}", Interior/supplies affected by water; article-level Weta association. Interior/supplies affected by water; article-level Weta association.
AV-M-022,AV-GH-WETA-2026,"Weta, Ketu North",incident_context,,2026-07-16,https://www.myjoyonline.com/weta-rice-farming-community-hit-by-devastating-floods/,https://www.myjoyonline.com/wp-content/uploads/2026/07/image-1937.png,MyJoyOnline,permission_not_verified,False,,"{""content_type"": ""image/png"", ""http_status"": 200, ""width"": 280, ""height"": 210, ""sha256"": ""144d3f7405e2e6061ac4d9f891114175340b86b2d9aa61d9899e4e672a26a932"", ""bytes"": 235870, ""image_decoded"": true, ""dhash"": ""2461dad7c943c0b8""}",Location supported at article level; exact viewpoint not established. Cropped/resized copies must be deduplicated before gallery display.
AV-M-023,AV-GH-WETA-2026,"Weta, Ketu North",incident_context,,2026-07-16,https://www.myjoyonline.com/weta-rice-farming-community-hit-by-devastating-floods/,https://www.myjoyonline.com/wp-content/uploads/2026/07/image-1936.png,MyJoyOnline,permission_not_verified,False,,"{""content_type"": ""image/png"", ""http_status"": 200, ""width"": 280, ""height"": 210, ""sha256"": ""f59880695f223a9122b7609cd8365475f93fbb3132019fc78491658770788873"", ""bytes"": 235870, ""image_decoded"": true, ""dhash"": ""408e0c80e0a00020""}",Location supported at article level; exact viewpoint not established. Cropped/resized copies must be deduplicated before gallery display.
AV-M-024,AV-GH-WETA-2026,"Weta, Ketu North",incident_context,,2026-07-16,https://www.myjoyonline.com/weta-rice-farming-community-hit-by-devastating-floods/,https://www.myjoyonline.com/wp-content/uploads/2026/07/image-1939.png,MyJoyOnline,permission_not_verified,False,,"{""content_type"": ""image/png"", ""http_status"": 200, ""width"": 234, ""height"": 312, ""sha256"": ""02d6e3b3c11f8ed01a0322b789d756cb84e80ad758358ea55d67828e7e076ec6"", ""bytes"": 292893, ""image_decoded"": true, ""dhash"": ""befefcfcfdfa3236""}",Location supported at article level; exact viewpoint not established. Cropped/resized copies must be deduplicated before gallery display.
AV-M-025,AV-GH-SAM-202606,Samreboi / Asankragwa,incident_context,,2026-06-19,https://www.citinewsroom.com/2026/06/over-24-buildings-collapse-in-samreboi-asankragwa-floods/,https://www.citinewsroom.com/wp-content/uploads/2026/06/samreboi-flood.webp,Daily Guide Network via Citi Newsroom,permission_not_verified,False,,"{""content_type"": ""image/webp"", ""http_status"": 200, ""width"": 750, ""height"": 406, ""sha256"": ""2fe24d46f4aaa23dfaa4264cd24740c01077242aa5ba218bf9c03f9d206b0e2c"", ""bytes"": 97854, ""image_decoded"": true, ""dhash"": ""5ad91868eaec3d0f""}",Photo credited to Daily Guide Network by publisher; capture date not established.
AV-M-026,AV-GH-CENT-202606,Central Region,incident_context,,2026-06-23,https://www.graphic.com.gh/news/general-news/ghana-news-floods-claim-18-lives-in-central-region-nadmo-orders-evacuation-of-unsafe-buildings.html,https://www.graphic.com.gh/images/2026/June/21/f0bd55be-bae0-4ab4-b5d3-b16bb553b034.jpeg,Graphic Online / Joana Kumi,permission_not_verified,False,,"{""content_type"": ""image/jpeg"", ""http_status"": 200, ""width"": 728, ""height"": 410, ""sha256"": ""c7cc3ed83d0ee94bee5227104a9432e7b8fd374fcce9d7d1a634b83d1146ce6e"", ""bytes"": 213342, ""image_decoded"": true, ""dhash"": ""144de87f283c0882""}",
AV-M-027,AV-GH-NP-20250805,Nsawam–Pokuase road,incident_context,2025-08-06,2025-08-06,https://www.myjoyonline.com/photos-nsawam-pokuase-road-flooded-after-tuesday-night-rain/,https://www.myjoyonline.com/wp-content/uploads/2025/08/OPOPO-1024x460.jpg,Channel One TV via MyJoyOnline,permission_not_verified,False,,"{""content_type"": ""image/jpeg"", ""http_status"": 200, ""width"": 1024, ""height"": 460, ""sha256"": ""d4e2841fcbfd8db5262d1f252be3b260d1eea417347b6b8644a203d3a92ab62e"", ""bytes"": 233960, ""image_decoded"": true, ""dhash"": ""33113c3c9e9e1bc0""}",Location supported at article level; exact viewpoint not established. Cropped/resized copies must be deduplicated before gallery display.
AV-M-028,AV-GH-NP-20250805,Nsawam–Pokuase road,incident_context,2025-08-06,2025-08-06,https://www.myjoyonline.com/photos-nsawam-pokuase-road-flooded-after-tuesday-night-rain/,https://www.myjoyonline.com/wp-content/uploads/2025/08/OPPOOP-1024x460.jpg,Channel One TV via MyJoyOnline,permission_not_verified,False,,"{""content_type"": ""image/jpeg"", ""http_status"": 200, ""width"": 1024, ""height"": 460, ""sha256"": ""8ac578950d82985b6caeaaa70ac08bc864c35e79b046f56da83edf4d34850af7"", ""bytes"": 243010, ""image_decoded"": true, ""dhash"": ""ccf6d2f85c999ec1""}",Location supported at article level; exact viewpoint not established. Cropped/resized copies must be deduplicated before gallery display.
AV-M-029,AV-GH-NP-20250805,Nsawam–Pokuase road,incident_context,2025-08-06,2025-08-06,https://www.myjoyonline.com/photos-nsawam-pokuase-road-flooded-after-tuesday-night-rain/,https://www.myjoyonline.com/wp-content/uploads/2025/08/opoppo-1-1024x455.jpg,Channel One TV via MyJoyOnline,permission_not_verified,False,,"{""content_type"": ""image/jpeg"", ""http_status"": 200, ""width"": 1024, ""height"": 455, ""sha256"": ""338105d9947c08305181ae55438bb11afe830372a9247a5ae6fc964ceedf4591"", ""bytes"": 261052, ""image_decoded"": true, ""dhash"": ""b1e1d8a8aa8393d2""}",Location supported at article level; exact viewpoint not established. Cropped/resized copies must be deduplicated before gallery display.
AV-M-030,AV-GH-NP-20250805,Nsawam–Pokuase road,incident_context,2025-08-06,2025-08-06,https://www.myjoyonline.com/photos-nsawam-pokuase-road-flooded-after-tuesday-night-rain/,https://www.myjoyonline.com/wp-content/uploads/2025/08/oppo-1024x459.jpg,Channel One TV via MyJoyOnline,permission_not_verified,False,,"{""content_type"": ""image/jpeg"", ""http_status"": 200, ""width"": 1024, ""height"": 459, ""sha256"": ""65f9d215e8d19bb01172d19edfe17807e3b7ee51ca04cd1a8dfe6748a5107cd2"", ""bytes"": 262671, ""image_decoded"": true, ""dhash"": ""4853c94b3030e0c1""}",Location supported at article level; exact viewpoint not established. Cropped/resized copies must be deduplicated before gallery display.
AV-M-031,AV-GH-NP-20250805,Nsawam–Pokuase road,incident_context,2025-08-06,2025-08-06,https://www.myjoyonline.com/photos-nsawam-pokuase-road-flooded-after-tuesday-night-rain/,https://www.myjoyonline.com/wp-content/uploads/2025/08/pkpl-1024x459.jpg,Channel One TV via MyJoyOnline,permission_not_verified,False,,"{""content_type"": ""image/jpeg"", ""http_status"": 200, ""width"": 1024, ""height"": 459, ""sha256"": ""96504593cbe12b8f4f0f200b077105b63b3eea2c19599130bdd81441db19a52d"", ""bytes"": 241914, ""image_decoded"": true, ""dhash"": ""8ce6e2e5e6b013e0""}",Location supported at article level; exact viewpoint not established. Cropped/resized copies must be deduplicated before gallery display.
AV-M-032,AV-GH-NP-20250805,Nsawam–Pokuase road,incident_context,2025-08-06,2025-08-06,https://www.myjoyonline.com/photos-nsawam-pokuase-road-flooded-after-tuesday-night-rain/,https://www.myjoyonline.com/wp-content/uploads/2025/08/OPO9IPI-1024x455.jpg,Channel One TV via MyJoyOnline,permission_not_verified,False,,"{""content_type"": ""image/jpeg"", ""http_status"": 200, ""width"": 1024, ""height"": 455, ""sha256"": ""d4dc4a300208da355368c86daadeb41473b9246f59de3948cbdcb2cf64cf4702"", ""bytes"": 244601, ""image_decoded"": true, ""dhash"": ""715e4f979bdbfc7c""}",Location supported at article level; exact viewpoint not established. Cropped/resized copies must be deduplicated before gallery display.
AV-M-033,AV-GH-NP-20250805,Nsawam–Pokuase road,incident_context,2025-08-06,2025-08-06,https://www.myjoyonline.com/photos-nsawam-pokuase-road-flooded-after-tuesday-night-rain/,https://www.myjoyonline.com/wp-content/uploads/2025/08/OPOPOPL-1024x455.jpg,Channel One TV via MyJoyOnline,permission_not_verified,False,,"{""content_type"": ""image/jpeg"", ""http_status"": 200, ""width"": 1024, ""height"": 455, ""sha256"": ""07507f0c5e445b8fc3b671ace7a2ce537ae9b6173f9d6a14a2e7dd915b81e817"", ""bytes"": 200533, ""image_decoded"": true, ""dhash"": ""9dffc64678d4d0c0""}",Location supported at article level; exact viewpoint not established. Cropped/resized copies must be deduplicated before gallery display.
AV-M-034,AV-GH-NP-20250805,Nsawam–Pokuase road,incident_context,2025-08-06,2025-08-06,https://www.myjoyonline.com/photos-nsawam-pokuase-road-flooded-after-tuesday-night-rain/,https://www.myjoyonline.com/wp-content/uploads/2025/08/OPOPOI.jpg,Channel One TV via MyJoyOnline,permission_not_verified,False,,"{""content_type"": ""image/jpeg"", ""http_status"": 200, ""width"": 1265, ""height"": 564, ""sha256"": ""386f1b645a95128da7501aea185cda6daa440a6429a0558a270af23331873488"", ""bytes"": 95073, ""image_decoded"": true, ""dhash"": ""8ce4d2e69af29bc0""}",
AV-M-036,AV-GH-BAGRE-2026,Daboya–Sisipe crossing / assessment visit,monitoring_river_view,,2026-09-04,https://www.myjoyonline.com/nadmo-intensifies-monitoring-in-daboya-as-bagre-dam-spillage-raises-flood-fears/,https://www.myjoyonline.com/wp-content/uploads/2026/09/image-542-1024x576.png,MyJoyOnline / Deborah Quarcoo,permission_not_verified,False,,"{""content_type"": ""image/png"", ""http_status"": 200, ""width"": 1024, ""height"": 576, ""sha256"": ""847271847f4275f2bf2d0c200bcaad8504d3325976ac27844d3cecb02f23d52d"", ""bytes"": 664644, ""image_decoded"": true, ""dhash"": ""e9f9e0d8f1b110f0""}","Location supported at article level; exact viewpoint not established. Cropped/resized copies must be deduplicated before gallery display. Aerial river/crossing view in monitoring story, not proof of a new inundation event. Aerial river/crossing view in monitoring story, not proof of a new inundation event."
AV-M-037,AV-GH-BAGRE-2026,Daboya–Sisipe crossing / assessment visit,monitoring_visit,,2026-09-04,https://www.myjoyonline.com/nadmo-intensifies-monitoring-in-daboya-as-bagre-dam-spillage-raises-flood-fears/,https://www.myjoyonline.com/wp-content/uploads/2026/09/image-543-1024x576.png,MyJoyOnline / Deborah Quarcoo,permission_not_verified,False,,"{""content_type"": ""image/png"", ""http_status"": 200, ""width"": 1024, ""height"": 576, ""sha256"": ""ed18dd25cd1d59a9fdd0118744b5369e767ae04ebe40f5710c929402818fc1fa"", ""bytes"": 1033334, ""image_decoded"": true, ""dhash"": ""a1a123372fcecc87""}",Location supported at article level; exact viewpoint not established. Cropped/resized copies must be deduplicated before gallery display. Canoe landing/assessment visit; no flood extent implied. Canoe landing/assessment visit; no flood extent implied.
AV-M-038,AV-GH-BAGRE-2026,Daboya–Sisipe crossing / assessment visit,monitoring_visit,,2026-09-04,https://www.myjoyonline.com/nadmo-intensifies-monitoring-in-daboya-as-bagre-dam-spillage-raises-flood-fears/,https://www.myjoyonline.com/wp-content/uploads/2026/09/image-544-1024x577.png,MyJoyOnline / Deborah Quarcoo,permission_not_verified,False,,"{""content_type"": ""image/png"", ""http_status"": 200, ""width"": 1024, ""height"": 577, ""sha256"": ""061df370365be191b07423a82c2502b6a6576ca4a6070543d7a74e6d4dca7e5b"", ""bytes"": 822857, ""image_decoded"": true, ""dhash"": ""5dada464705965a6""}",Location supported at article level; exact viewpoint not established. Cropped/resized copies must be deduplicated before gallery display. Officials at monitoring visit. Officials at monitoring visit.
AV-M-039,AV-GH-BAGRE-2026,Daboya–Sisipe crossing / assessment visit,monitoring_visit,,2026-09-04,https://www.myjoyonline.com/nadmo-intensifies-monitoring-in-daboya-as-bagre-dam-spillage-raises-flood-fears/,https://www.myjoyonline.com/wp-content/uploads/2026/09/image-546-1024x577.png,MyJoyOnline / Deborah Quarcoo,permission_not_verified,False,,"{""content_type"": ""image/png"", ""http_status"": 200, ""width"": 1024, ""height"": 577, ""sha256"": ""3341be93142661453ea1c72a7769202e83aa5d96e77d02763ba31b98775f5527"", ""bytes"": 847595, ""image_decoded"": true, ""dhash"": ""6c4464441858e0e0""}",Location supported at article level; exact viewpoint not established. Cropped/resized copies must be deduplicated before gallery display. Group at assessment location. Group at assessment location.
AV-M-040,AV-GH-ACC-20260629,Accra,incident_context,,2026-07-03,https://www.greenpeace.org/africa/en/blog/61137/ghanas-deadly-floods-are-not-a-natural-disaster-theyre-a-wake-up-call/,https://www.greenpeace.org/static/planet4-africa-stateless/2026/07/0b5e5f31-photo-2026-06-29-00-38-54.jpg,Greenpeace Africa / Sam Quashie-Idun,permission_not_verified,False,,"{""content_type"": ""image/jpeg"", ""http_status"": 200, ""width"": 1280, ""height"": 591, ""sha256"": ""7c9ffc893123dd4b8300e0576a547820109081e0b6409442d3a9536558d6456d"", ""bytes"": 123217, ""image_decoded"": true, ""dhash"": ""7871675bf1f3e3f3""}",Family account; exact neighbourhood not published. Startup/commercial reuse needs permission under Greenpeace terms.
AV-M-041,CM-2023-BUEA,Buea,historical_photo,2023-03-23,,https://commons.wikimedia.org/wiki/File:Consequences_of_rainfall_in_Buea_south-west_Region_of_Cameroon.jpg,https://upload.wikimedia.org/wikipedia/commons/f/f7/Consequences_of_rainfall_in_Buea_south-west_Region_of_Cameroon.jpg?utm_source=commons.wikimedia.org&utm_campaign=index&utm_content=original,Dera11329,verified_open_CC_BY_SA_4_0,False,,"{""content_type"": ""image/jpeg"", ""http_status"": 200, ""width"": 720, ""height"": 480, ""sha256"": ""cbeb80796e84c2c32892bb2fc2a9636d83d94b1bb02bbf6c49f3301f7d453b1d"", ""bytes"": 109513, ""image_decoded"": true, ""dhash"": ""d23eabe9c3d3f864"", ""local_path"": ""images_open/AV-M-041.jpg""}","Date and location are uploader metadata, not independent field verification. Event linkage tentative; capture date is five days after March 18 event."
AV-M-042,,Guéré,historical_photo,2023-03-10,,https://commons.wikimedia.org/wiki/File:Inondation_%C3%A0_Gu%C3%A9r%C3%A9.jpg,https://upload.wikimedia.org/wikipedia/commons/6/64/Inondation_%C3%A0_Gu%C3%A9r%C3%A9.jpg?utm_source=commons.wikimedia.org&utm_campaign=index&utm_content=original,Felixdiga,verified_open_CC_BY_SA_4_0,False,,"{""http_status"": 200, ""image_decoded"": true, ""width"": 960, ""height"": 720, ""bytes"": 257936, ""sha256"": ""625d57c44e8e6703fe37e8ac79f3ebe2a49c7f2508c7d970afd7ec3395aad656"", ""dhash"": ""3a9f9d0c0e0ea33c"", ""local_path"": ""images_open/AV-M-042.jpg"", ""downloaded_variant"": ""publisher_thumbnail"", ""downloaded_url"": ""https://thumb.wikimedia.org/wikipedia/commons/thumb/6/64/Inondation_%C3%A0_Gu%C3%A9r%C3%A9.jpg/960px-Inondation_%C3%A0_Gu%C3%A9r%C3%A9.jpg?utm_source=commons.wikimedia.org&utm_campaign=index&utm_content=thumbnail&_=20230310143257"", ""original_fetch_status"": ""429_rate_limited""}","Date and location are uploader metadata, not independent field verification. Capture date seasonality should be checked; do not create a new flood event from this photo alone."
AV-M-043,CM-2022-YAGOUA,Yagoua,historical_photo,2022-10-07,,https://commons.wikimedia.org/wiki/File:Innondation_%C3%A0_Yagoua_2022_11.jpg,https://upload.wikimedia.org/wikipedia/commons/c/cc/Innondation_%C3%A0_Yagoua_2022_11.jpg?utm_source=commons.wikimedia.org&utm_campaign=index&utm_content=original,Bile rene,verified_open_CC_BY_SA_4_0,True,"{""lat"": 10.34713, ""lng"": 15.237356, ""basis"": ""uploader_camera_metadata_not_independently_verified""}","{""http_status"": 200, ""image_decoded"": true, ""width"": 960, ""height"": 718, ""bytes"": 167364, ""sha256"": ""48c5f584b0b82ae4ee1af611debd771f5bbab6e45fcbf098e2cd2ce6832e8680"", ""dhash"": ""81814544028080c0"", ""local_path"": ""images_open/AV-M-043.jpg"", ""downloaded_variant"": ""publisher_thumbnail"", ""downloaded_url"": ""https://thumb.wikimedia.org/wikipedia/commons/thumb/c/cc/Innondation_%C3%A0_Yagoua_2022_11.jpg/960px-Innondation_%C3%A0_Yagoua_2022_11.jpg?utm_source=commons.wikimedia.org&utm_campaign=index&utm_content=thumbnail&_=20230124083746"", ""original_fetch_status"": ""429_rate_limited""}","Date and location are uploader metadata, not independent field verification."
AV-M-044,CM-2022-YAGOUA,Yagoua,historical_photo,2022-10-07,,https://commons.wikimedia.org/wiki/File:Innondation_%C3%A0_Yagoua_2022_13.jpg,https://upload.wikimedia.org/wikipedia/commons/2/20/Innondation_%C3%A0_Yagoua_2022_13.jpg?utm_source=commons.wikimedia.org&utm_campaign=index&utm_content=original,Bile rene,verified_open_CC_BY_SA_4_0,True,"{""lat"": 10.34713, ""lng"": 15.237356, ""basis"": ""uploader_camera_metadata_not_independently_verified""}","{""content_type"": ""image/jpeg"", ""http_status"": 200, ""width"": 4000, ""height"": 2992, ""sha256"": ""badd55c7dd67e14bdcf1a48dd66978554819b2492ec73f9901de9d66ea8b8155"", ""bytes"": 5145165, ""image_decoded"": true, ""dhash"": ""e6f3339282c2c0c0"", ""local_path"": ""images_open/AV-M-044.jpg""}","Date and location are uploader metadata, not independent field verification."
AV-M-045,CM-2022-YAGOUA,Yagoua,historical_photo,2022-10-07,,https://commons.wikimedia.org/wiki/File:Innondation_%C3%A0_Yagoua_2022_14.jpg,https://upload.wikimedia.org/wikipedia/commons/4/41/Innondation_%C3%A0_Yagoua_2022_14.jpg?utm_source=commons.wikimedia.org&utm_campaign=index&utm_content=original,Bile rene,verified_open_CC_BY_SA_4_0,True,"{""lat"": 10.34713, ""lng"": 15.237356, ""basis"": ""uploader_camera_metadata_not_independently_verified""}","{""content_type"": ""image/jpeg"", ""http_status"": 200, ""width"": 4000, ""height"": 2992, ""sha256"": ""bbb8c47157e842d0dcc8c2596ec130f26ac2b5eb082e5000dc91abcfedaaa2ad"", ""bytes"": 6393510, ""image_decoded"": true, ""dhash"": ""cc7072ec5858d80c"", ""local_path"": ""images_open/AV-M-045.jpg""}","Date and location are uploader metadata, not independent field verification."
AV-M-046,CM-2022-YAGOUA,Yagoua,historical_photo,2022-10-07,,https://commons.wikimedia.org/wiki/File:Innondation_%C3%A0_Yagoua_2022_2.jpg,https://upload.wikimedia.org/wikipedia/commons/2/2e/Innondation_%C3%A0_Yagoua_2022_2.jpg?utm_source=commons.wikimedia.org&utm_campaign=index&utm_content=original,Bile rene,verified_open_CC_BY_SA_4_0,True,"{""lat"": 10.345505, ""lng"": 15.236072, ""basis"": ""uploader_camera_metadata_not_independently_verified""}","{""http_status"": 200, ""image_decoded"": true, ""width"": 960, ""height"": 718, ""bytes"": 259617, ""sha256"": ""262f116a1c091e63a56e4b33edf7b6c25dcb9c8d91b5789219986e8feb568a99"", ""dhash"": ""62e4e6632966e6ab"", ""local_path"": ""images_open/AV-M-046.jpg"", ""downloaded_variant"": ""publisher_thumbnail"", ""downloaded_url"": ""https://thumb.wikimedia.org/wikipedia/commons/thumb/2/2e/Innondation_%C3%A0_Yagoua_2022_2.jpg/960px-Innondation_%C3%A0_Yagoua_2022_2.jpg?utm_source=commons.wikimedia.org&utm_campaign=index&utm_content=thumbnail&_=20221025022931"", ""original_fetch_status"": ""429_rate_limited""}","Date and location are uploader metadata, not independent field verification."
AV-M-047,CM-2022-YAGOUA,Yagoua,historical_photo,2022-10-07,,https://commons.wikimedia.org/wiki/File:Innondation_%C3%A0_Yagoua_2022_4.jpg,https://upload.wikimedia.org/wikipedia/commons/f/f5/Innondation_%C3%A0_Yagoua_2022_4.jpg?utm_source=commons.wikimedia.org&utm_campaign=index&utm_content=original,Bile rene,verified_open_CC_BY_SA_4_0,True,"{""lat"": 10.345505, ""lng"": 15.236072, ""basis"": ""uploader_camera_metadata_not_independently_verified""}","{""http_status"": 200, ""image_decoded"": true, ""width"": 960, ""height"": 720, ""bytes"": 202181, ""sha256"": ""145d2fc14608f642af79708015005bd7ff120a5f54e23f9a4ffdf70beba0bff9"", ""dhash"": ""931727a4aea6d0d8"", ""local_path"": ""images_open/AV-M-047.jpg"", ""downloaded_variant"": ""publisher_thumbnail"", ""downloaded_url"": ""https://thumb.wikimedia.org/wikipedia/commons/thumb/f/f5/Innondation_%C3%A0_Yagoua_2022_4.jpg/960px-Innondation_%C3%A0_Yagoua_2022_4.jpg?utm_source=commons.wikimedia.org&utm_campaign=index&utm_content=thumbnail&_=20221025023027"", ""original_fetch_status"": ""429_rate_limited""}","Date and location are uploader metadata, not independent field verification."
AV-M-048,CM-2022-YAGOUA,Yagoua,historical_photo,2022-10-07,,https://commons.wikimedia.org/wiki/File:Innondation_%C3%A0_Yagoua_2022_5.jpg,https://upload.wikimedia.org/wikipedia/commons/6/6f/Innondation_%C3%A0_Yagoua_2022_5.jpg?utm_source=commons.wikimedia.org&utm_campaign=index&utm_content=original,Bile rene,verified_open_CC_BY_SA_4_0,True,"{""lat"": 10.345505, ""lng"": 15.236072, ""basis"": ""uploader_camera_metadata_not_independently_verified""}","{""http_status"": 200, ""image_decoded"": true, ""width"": 960, ""height"": 718, ""bytes"": 175178, ""sha256"": ""5aa21c2254411ecf889ad2fd5cfa293debaa39c8bb51509d1c694126a1c110eb"", ""dhash"": ""0000021098009898"", ""local_path"": ""images_open/AV-M-048.jpg"", ""downloaded_variant"": ""publisher_thumbnail"", ""downloaded_url"": ""https://thumb.wikimedia.org/wikipedia/commons/thumb/6/6f/Innondation_%C3%A0_Yagoua_2022_5.jpg/960px-Innondation_%C3%A0_Yagoua_2022_5.jpg?utm_source=commons.wikimedia.org&utm_campaign=index&utm_content=thumbnail&_=20221025023057"", ""original_fetch_status"": ""429_rate_limited""}","Date and location are uploader metadata, not independent field verification."
AV-M-049,CM-2022-YAGOUA,Yagoua,historical_photo,2022-10-07,,https://commons.wikimedia.org/wiki/File:Innondation_%C3%A0_Yagoua_2022_6.jpg,https://upload.wikimedia.org/wikipedia/commons/a/ac/Innondation_%C3%A0_Yagoua_2022_6.jpg?utm_source=commons.wikimedia.org&utm_campaign=index&utm_content=original,Bile rene,verified_open_CC_BY_SA_4_0,True,"{""lat"": 10.345505, ""lng"": 15.236072, ""basis"": ""uploader_camera_metadata_not_independently_verified""}","{""http_status"": 200, ""image_decoded"": true, ""width"": 960, ""height"": 718, ""bytes"": 201443, ""sha256"": ""3d824c2c16d493b8fe771f52f02a1ccde50d09f847103e9b3d388995f0acbec0"", ""dhash"": ""b15163e1e1e1e101"", ""local_path"": ""images_open/AV-M-049.jpg"", ""downloaded_variant"": ""publisher_thumbnail"", ""downloaded_url"": ""https://thumb.wikimedia.org/wikipedia/commons/thumb/a/ac/Innondation_%C3%A0_Yagoua_2022_6.jpg/960px-Innondation_%C3%A0_Yagoua_2022_6.jpg?utm_source=commons.wikimedia.org&utm_campaign=index&utm_content=thumbnail&_=20221025023129"", ""original_fetch_status"": ""429_rate_limited""}","Date and location are uploader metadata, not independent field verification."
AV-M-050,CM-2022-YAGOUA,Yagoua,historical_photo,2022-10-07,,https://commons.wikimedia.org/wiki/File:Innondation_%C3%A0_Yagoua_2022_7.jpg,https://upload.wikimedia.org/wikipedia/commons/6/64/Innondation_%C3%A0_Yagoua_2022_7.jpg?utm_source=commons.wikimedia.org&utm_campaign=index&utm_content=original,Bile rene,verified_open_CC_BY_SA_4_0,True,"{""lat"": 10.345505, ""lng"": 15.236072, ""basis"": ""uploader_camera_metadata_not_independently_verified""}","{""http_status"": 200, ""image_decoded"": true, ""width"": 960, ""height"": 718, ""bytes"": 165874, ""sha256"": ""960a6ac5358046f692afc29749f342f871f276bb64c0e22703f0b3802e01cbdf"", ""dhash"": ""f6f1fc3cde73e7e0"", ""local_path"": ""images_open/AV-M-050.jpg"", ""downloaded_variant"": ""publisher_thumbnail"", ""downloaded_url"": ""https://thumb.wikimedia.org/wikipedia/commons/thumb/6/64/Innondation_%C3%A0_Yagoua_2022_7.jpg/960px-Innondation_%C3%A0_Yagoua_2022_7.jpg?utm_source=commons.wikimedia.org&utm_campaign=index&utm_content=thumbnail&_=20221025023158"", ""original_fetch_status"": ""429_rate_limited""}","Date and location are uploader metadata, not independent field verification."
AV-M-051,CM-2022-YAGOUA,Yagoua,historical_photo,2022-10-07,,https://commons.wikimedia.org/wiki/File:Innondation_%C3%A0_Yagoua_2022_9.jpg,https://upload.wikimedia.org/wikipedia/commons/2/21/Innondation_%C3%A0_Yagoua_2022_9.jpg?utm_source=commons.wikimedia.org&utm_campaign=index&utm_content=original,Bile rene,verified_open_CC_BY_SA_4_0,True,"{""lat"": 10.34713, ""lng"": 15.237356, ""basis"": ""uploader_camera_metadata_not_independently_verified""}","{""content_type"": ""image/jpeg"", ""http_status"": 200, ""width"": 4000, ""height"": 2992, ""sha256"": ""d2f6a32b38736c2b090566a0ea5b4376bf6f5db63b3884171b9ff125c594dc08"", ""bytes"": 5397420, ""image_decoded"": true, ""dhash"": ""e0e0b0e2d282f3d3"", ""local_path"": ""images_open/AV-M-051.jpg""}","Date and location are uploader metadata, not independent field verification."
AV-M-052,CM-2022-YAGOUA,Yagoua,historical_photo,2022-10-07,,https://commons.wikimedia.org/wiki/File:Innondation_%C3%A0_Yagoua_2022.jpg,https://upload.wikimedia.org/wikipedia/commons/c/cc/Innondation_%C3%A0_Yagoua_2022.jpg?utm_source=commons.wikimedia.org&utm_campaign=index&utm_content=original,Bile rene,verified_open_CC_BY_SA_4_0,True,"{""lat"": 10.345505, ""lng"": 15.236072, ""basis"": ""uploader_camera_metadata_not_independently_verified""}","{""http_status"": 200, ""image_decoded"": true, ""width"": 960, ""height"": 718, ""bytes"": 176267, ""sha256"": ""6dc5e1e74a63db1936efb83b40b3a7905660c1fae873cc678f6eb944c89e3438"", ""dhash"": ""fffcf9f87cfcffff"", ""local_path"": ""images_open/AV-M-052.jpg"", ""downloaded_variant"": ""publisher_thumbnail"", ""downloaded_url"": ""https://thumb.wikimedia.org/wikipedia/commons/thumb/c/cc/Innondation_%C3%A0_Yagoua_2022.jpg/960px-Innondation_%C3%A0_Yagoua_2022.jpg?utm_source=commons.wikimedia.org&utm_campaign=index&utm_content=thumbnail&_=20221025022843"", ""original_fetch_status"": ""429_rate_limited""}","Date and location are uploader metadata, not independent field verification."
